Time,Production,year,month
2021-01-01,15.111,2021,1
2021-01-02,14.387,2021,1
2021-01-03,14.09,2021,1
2021-01-04,13.028,2021,1
2021-01-05,14.682,2021,1
2021-01-06,14.254,2021,1
2021-01-07,13.684,2021,1
2021-01-08,15.153,2021,1
2021-01-09,15.425,2021,1
2021-01-10,14.691,2021,1
2021-01-11,15.811,2021,1
2021-01-12,15.824,2021,1
2021-01-13,14.627,2021,1
2021-01-14,15.52,2021,1
2021-01-15,15.983,2021,1
2021-01-16,15.659,2021,1
2021-01-17,15.818,2021,1
2021-01-18,13.972,2021,1
2021-01-19,8.171,2021,1
2021-01-20,9.233,2021,1
2021-01-21,16.448,2021,1
2021-01-22,7.837,2021,1
2021-01-23,7.367,2021,1
2021-01-24,12.127,2021,1
2021-01-25,10.016,2021,1
2021-01-26,17.208,2021,1
2021-01-27,18.326,2021,1
2021-01-28,16.712,2021,1
2021-01-29,9.366,2021,1
2021-01-30,18.678,2021,1
2021-01-31,13.08,2021,1
2021-02-01,8.039,2021,2
2021-02-02,13.316,2021,2
2021-02-03,18.925,2021,2
2021-02-04,17.594,2021,2
2021-02-05,19.595,2021,2
2021-02-06,19.676,2021,2
2021-02-07,19.834,2021,2
2021-02-08,18.833,2021,2
2021-02-09,9.483,2021,2
2021-02-10,12.887,2021,2
2021-02-11,19.667,2021,2
2021-02-12,13.156,2021,2
2021-02-13,13.229,2021,2
2021-02-14,17.115,2021,2
2021-02-15,14.585,2021,2
2021-02-16,17.126,2021,2
2021-02-17,21.494,2021,2
2021-02-18,23.23,2021,2
2021-02-19,22.465,2021,2
2021-02-20,20.431,2021,2
2021-02-21,23.617,2021,2
2021-02-22,23.072,2021,2
2021-02-23,23.063,2021,2
2021-02-24,23.004,2021,2
2021-02-25,23.2,2021,2
2021-02-26,23.775,2021,2
2021-02-27,23.268,2021,2
2021-02-28,24.164,2021,2
2021-03-01,23.987,2021,3
2021-03-02,24.249,2021,3
2021-03-03,6.438,2021,3
2021-03-04,25.077,2021,3
2021-03-05,25.119,2021,3
2021-03-06,25.131,2021,3
2021-03-07,15.288,2021,3
2021-03-08,15.464,2021,3
2021-03-09,21.744,2021,3
2021-03-10,20.345,2021,3
2021-03-11,22.102,2021,3
2021-03-12,23.718,2021,3
2021-03-13,18.16,2021,3
2021-03-14,16.952,2021,3
2021-03-15,11.906,2021,3
2021-03-16,24.673,2021,3
2021-03-17,26.198,2021,3
2021-03-18,27.52,2021,3
2021-03-19,27.249,2021,3
2021-03-20,24.695,2021,3
2021-03-21,27.354,2021,3
2021-03-22,28.04,2021,3
2021-03-23,17.851,2021,3
2021-03-24,28.308,2021,3
2021-03-25,14.37,2021,3
2021-03-26,22.689,2021,3
2021-03-27,29.059,2021,3
2021-03-28,28.876,2021,3
2021-03-29,29.225,2021,3
2021-03-30,28.174,2021,3
2021-03-31,28.823,2021,3
2021-04-01,23.863,2021,4
2021-04-02,28.985,2021,4
2021-04-03,26.485,2021,4
2021-04-04,28.515,2021,4
2021-04-05,28.219,2021,4
2021-04-06,29.088,2021,4
2021-04-07,28.056,2021,4
2021-04-08,29.978,2021,4
2021-04-09,29.475,2021,4
2021-04-10,28.225,2021,4
2021-04-11,26.501,2021,4
2021-04-12,27.044,2021,4
2021-04-13,6.768,2021,4
2021-04-14,24.103,2021,4
2021-04-15,28.561,2021,4
2021-04-16,29.856,2021,4
2021-04-17,30.32,2021,4
2021-04-18,31.621,2021,4
2021-04-19,31.612,2021,4
2021-04-20,31.556,2021,4
2021-04-21,12.179,2021,4
2021-04-22,8.927,2021,4
2021-04-23,11.925,2021,4
2021-04-24,20.185,2021,4
2021-04-25,27.649,2021,4
2021-04-26,17.468,2021,4
2021-04-27,28.145,2021,4
2021-04-28,32.847,2021,4
2021-04-29,32.617,2021,4
2021-04-30,32.387,2021,4
2021-05-01,30.304,2021,5
2021-05-02,19.477,2021,5
2021-05-03,30.523,2021,5
2021-05-04,31.955,2021,5
2021-05-05,29.791,2021,5
2021-05-06,29.309,2021,5
2021-05-07,32.383,2021,5
2021-05-08,30.721,2021,5
2021-05-09,24.786,2021,5
2021-05-10,21.199,2021,5
2021-05-11,27.869,2021,5
2021-05-12,24.415,2021,5
2021-05-13,25.547,2021,5
2021-05-14,26.612,2021,5
2021-05-15,20.32,2021,5
2021-05-16,8.379,2021,5
2021-05-17,10.331,2021,5
2021-05-18,22.626,2021,5
2021-05-19,28.332,2021,5
2021-05-20,21.94,2021,5
2021-05-21,29.91,2021,5
2021-05-22,32.566,2021,5
2021-05-23,34.124,2021,5
2021-05-24,33.726,2021,5
2021-05-25,31.315,2021,5
2021-05-26,33.131,2021,5
2021-05-27,33.625,2021,5
2021-05-28,32.537,2021,5
2021-05-29,25.515,2021,5
2021-05-30,29.387,2021,5
2021-05-31,29.366,2021,5
2021-06-01,31.573,2021,6
2021-06-02,27.762,2021,6
2021-06-03,32.53,2021,6
2021-06-04,32.318,2021,6
2021-06-05,32.838,2021,6
2021-06-06,29.685,2021,6
2021-06-07,11.26,2021,6
2021-06-08,29.95,2021,6
2021-06-09,29.055,2021,6
2021-06-10,34.42,2021,6
2021-06-11,33.739,2021,6
2021-06-12,33.644,2021,6
2021-06-13,33.373,2021,6
2021-06-14,32.398,2021,6
2021-06-15,30.143,2021,6
2021-06-16,26.366,2021,6
2021-06-17,29.428,2021,6
2021-06-18,29.129,2021,6
2021-06-19,32.282,2021,6
2021-06-20,28.081,2021,6
2021-06-21,31.499,2021,6
2021-06-22,16.313,2021,6
2021-06-23,19.739,2021,6
2021-06-24,31.162,2021,6
2021-06-25,31.664,2021,6
2021-06-26,32.917,2021,6
2021-06-27,32.423,2021,6
2021-06-28,31.987,2021,6
2021-06-29,26.018,2021,6
2021-06-30,31.52,2021,6
2021-07-01,31.483,2021,7
2021-07-02,31.458,2021,7
2021-07-03,31.099,2021,7
2021-07-04,31.418,2021,7
2021-07-05,32.248,2021,7
2021-07-06,32.967,2021,7
2021-07-07,31.034,2021,7
2021-07-08,28.254,2021,7
2021-07-09,30.998,2021,7
2021-07-10,29.914,2021,7
2021-07-11,29.592,2021,7
2021-07-12,28.355,2021,7
2021-07-13,29.893,2021,7
2021-07-14,30.101,2021,7
2021-07-15,30.326,2021,7
2021-07-16,30.588,2021,7
2021-07-17,28.386,2021,7
2021-07-18,30.534,2021,7
2021-07-19,30.816,2021,7
2021-07-20,30.99,2021,7
2021-07-21,30.442,2021,7
2021-07-22,24.437,2021,7
2021-07-23,27.775,2021,7
2021-07-24,25.623,2021,7
2021-07-25,20.838,2021,7
2021-07-26,7.776,2021,7
2021-07-27,27.387,2021,7
2021-07-28,31.261,2021,7
2021-07-29,31.437,2021,7
2021-07-30,27.567,2021,7
2021-07-31,30.938,2021,7
2021-08-01,31.633,2021,8
2021-08-02,32.114,2021,8
2021-08-03,31.851,2021,8
2021-08-04,30.678,2021,8
2021-08-05,30.252,2021,8
2021-08-06,26.097,2021,8
2021-08-07,30.715,2021,8
2021-08-08,28.801,2021,8
2021-08-09,30.123,2021,8
2021-08-10,27.359,2021,8
2021-08-11,28.451,2021,8
2021-08-12,28.603,2021,8
2021-08-13,29.026,2021,8
2021-08-14,22.901,2021,8
2021-08-15,28.898,2021,8
2021-08-16,27.138,2021,8
2021-08-17,27.335,2021,8
2021-08-18,12.566,2021,8
2021-08-19,22.254,2021,8
2021-08-20,13.355,2021,8
2021-08-21,12.869,2021,8
2021-08-22,13.806,2021,8
2021-08-23,25.572,2021,8
2021-08-24,27.326,2021,8
2021-08-25,28.172,2021,8
2021-08-26,28.711,2021,8
2021-08-27,28.788,2021,8
2021-08-28,27.509,2021,8
2021-08-29,18.695,2021,8
2021-08-30,23.66,2021,8
2021-08-31,10.559,2021,8
2021-09-01,17.962,2021,9
2021-09-02,26.192,2021,9
2021-09-03,26.118,2021,9
2021-09-04,27.934,2021,9
2021-09-05,26.862,2021,9
2021-09-06,26.26,2021,9
2021-09-07,24.411,2021,9
2021-09-08,25.207,2021,9
2021-09-09,25.348,2021,9
2021-09-10,25.439,2021,9
2021-09-11,25.918,2021,9
2021-09-12,26.443,2021,9
2021-09-13,25.55,2021,9
2021-09-14,25.768,2021,9
2021-09-15,26.202,2021,9
2021-09-16,25.94,2021,9
2021-09-17,24.083,2021,9
2021-09-18,25.025,2021,9
2021-09-19,24.857,2021,9
2021-09-20,25.194,2021,9
2021-09-21,24.104,2021,9
2021-09-22,24.161,2021,9
2021-09-23,24.2,2021,9
2021-09-24,14.766,2021,9
2021-09-25,20.953,2021,9
2021-09-26,5.308,2021,9
2021-09-27,6.56,2021,9
2021-09-28,14.815,2021,9
2021-09-29,23.238,2021,9
2021-09-30,24.227,2021,9
2021-10-01,24.005,2021,10
2021-10-02,22.798,2021,10
2021-10-03,20.403,2021,10
2021-10-04,12.802,2021,10
2021-10-05,16.362,2021,10
2021-10-06,8.169,2021,10
2021-10-07,7.512,2021,10
2021-10-08,10.648,2021,10
2021-10-09,22.766,2021,10
2021-10-10,23.083,2021,10
2021-10-11,14.379,2021,10
2021-10-12,23.189,2021,10
2021-10-13,22.412,2021,10
2021-10-14,21.963,2021,10
2021-10-15,21.538,2021,10
2021-10-16,21.573,2021,10
2021-10-17,20.956,2021,10
2021-10-18,8.331,2021,10
2021-10-19,21.498,2021,10
2021-10-20,21.221,2021,10
2021-10-21,20.821,2021,10
2021-10-22,17.021,2021,10
2021-10-23,16.665,2021,10
2021-10-24,19.899,2021,10
2021-10-25,6.658,2021,10
2021-10-26,18.937,2021,10
2021-10-27,19.702,2021,10
2021-10-28,19.076,2021,10
2021-10-29,18.968,2021,10
2021-10-30,18.064,2021,10
2021-10-31,16.843,2021,10
2021-11-01,13.38,2021,11
2021-11-02,15.178,2021,11
2021-11-03,17.859,2021,11
2021-11-04,17.272,2021,11
2021-11-05,17.498,2021,11
2021-11-06,14.323,2021,11
2021-11-07,16.705,2021,11
2021-11-08,16.968,2021,11
2021-11-09,16.902,2021,11
2021-11-10,16.047,2021,11
2021-11-11,16.532,2021,11
2021-11-12,16.365,2021,11
2021-11-13,16.324,2021,11
2021-11-14,16.291,2021,11
2021-11-15,16.24,2021,11
2021-11-16,13.811,2021,11
2021-11-17,15.698,2021,11
2021-11-18,11.969,2021,11
2021-11-19,10.277,2021,11
2021-11-20,12.132,2021,11
2021-11-21,14.589,2021,11
2021-11-22,12.628,2021,11
2021-11-23,10.66,2021,11
2021-11-24,14.462,2021,11
2021-11-25,15.571,2021,11
2021-11-26,15.019,2021,11
2021-11-27,14.878,2021,11
2021-11-28,14.607,2021,11
2021-11-29,14.446,2021,11
2021-11-30,14.362,2021,11
2021-12-01,13.985,2021,12
2021-12-02,13.024,2021,12
2021-12-03,11.607,2021,12
2021-12-04,10.241,2021,12
2021-12-05,12.864,2021,12
2021-12-06,13.225,2021,12
2021-12-07,2.778,2021,12
2021-12-08,13.316,2021,12
2021-12-09,3.322,2021,12
2021-12-10,8.866,2021,12
2021-12-11,14.632,2021,12
2021-12-12,14.436,2021,12
2021-12-13,3.23,2021,12
2021-12-14,2.29,2021,12
2021-12-15,14.521,2021,12
2021-12-16,13.632,2021,12
2021-12-17,14.429,2021,12
2021-12-18,14.859,2021,12
2021-12-19,14.57,2021,12
2021-12-20,11.844,2021,12
2021-12-21,7.422,2021,12
2021-12-22,9.263,2021,12
2021-12-23,3.867,2021,12
2021-12-24,10.119,2021,12
2021-12-25,5.704,2021,12
2021-12-26,11.704,2021,12
2021-12-27,9.301,2021,12
2021-12-28,8.47,2021,12
2021-12-29,7.19,2021,12
2021-12-30,10.774,2021,12
2021-12-31,7.555,2021,12
2022-01-01,13.753,2022,1
2022-01-02,15.102,2022,1
2022-01-03,15.291,2022,1
2022-01-04,14.829,2022,1
2022-01-05,14.689,2022,1
2022-01-06,14.556,2022,1
2022-01-07,13.184,2022,1
2022-01-08,11.35,2022,1
2022-01-09,14.877,2022,1
2022-01-10,9.627,2022,1
2022-01-11,14.759,2022,1
2022-01-12,11.549,2022,1
2022-01-13,7.809,2022,1
2022-01-14,13.375,2022,1
2022-01-15,4.612,2022,1
2022-01-16,10.035,2022,1
2022-01-17,10.206,2022,1
2022-01-18,9.461,2022,1
2022-01-19,10.875,2022,1
2022-01-20,16.297,2022,1
2022-01-21,16.145,2022,1
2022-01-22,16.361,2022,1
2022-01-23,16.462,2022,1
2022-01-24,16.535,2022,1
2022-01-25,15.738,2022,1
2022-01-26,16.407,2022,1
2022-01-27,17.298,2022,1
2022-01-28,14.408,2022,1
2022-01-29,8.738,2022,1
2022-01-30,17.442,2022,1
2022-01-31,10.941,2022,1
2022-02-01,9.221,2022,2
2022-02-02,18.175,2022,2
2022-02-03,18.321,2022,2
2022-02-04,18.582,2022,2
2022-02-05,19.039,2022,2
2022-02-06,18.717,2022,2
2022-02-07,18.873,2022,2
2022-02-08,19.009,2022,2
2022-02-09,18.837,2022,2
2022-02-10,19.192,2022,2
2022-02-11,19.079,2022,2
2022-02-12,19.163,2022,2
2022-02-13,19.937,2022,2
2022-02-14,20.069,2022,2
2022-02-15,8.027,2022,2
2022-02-16,20.482,2022,2
2022-02-17,21.865,2022,2
2022-02-18,21.896,2022,2
2022-02-19,21.554,2022,2
2022-02-20,19.633,2022,2
2022-02-21,12.913,2022,2
2022-02-22,11.737,2022,2
2022-02-23,19.341,2022,2
2022-02-24,23.456,2022,2
2022-02-25,23.192,2022,2
2022-02-26,23.483,2022,2
2022-02-27,20.046,2022,2
2022-02-28,23.177,2022,2
2022-03-01,23.552,2022,3
2022-03-02,22.005,2022,3
2022-03-03,22.728,2022,3
2022-03-04,16.094,2022,3
2022-03-05,17.845,2022,3
2022-03-06,19.526,2022,3
2022-03-07,24.897,2022,3
2022-03-08,25.213,2022,3
2022-03-09,24.91,2022,3
2022-03-10,18.531,2022,3
2022-03-11,25.873,2022,3
2022-03-12,25.522,2022,3
2022-03-13,25.359,2022,3
2022-03-14,25.232,2022,3
2022-03-15,24.808,2022,3
2022-03-16,23.373,2022,3
2022-03-17,25.759,2022,3
2022-03-18,25.795,2022,3
2022-03-19,23.701,2022,3
2022-03-20,21.612,2022,3
2022-03-21,25.217,2022,3
2022-03-22,26.337,2022,3
2022-03-23,26.796,2022,3
2022-03-24,26.81,2022,3
2022-03-25,26.284,2022,3
2022-03-26,26.784,2022,3
2022-03-27,26.987,2022,3
2022-03-28,14.315,2022,3
2022-03-29,21.817,2022,3
2022-03-30,23.021,2022,3
2022-03-31,10.361,2022,3
2022-04-01,22.126,2022,4
2022-04-02,6.068,2022,4
2022-04-03,7.334,2022,4
2022-04-04,28.441,2022,4
2022-04-05,28.068,2022,4
2022-04-06,28.04,2022,4
2022-04-07,29.078,2022,4
2022-04-08,28.652,2022,4
2022-04-09,28.784,2022,4
2022-04-10,13.594,2022,4
2022-04-11,25.949,2022,4
2022-04-12,29.062,2022,4
2022-04-13,30.775,2022,4
2022-04-14,30.385,2022,4
2022-04-15,30.294,2022,4
2022-04-16,25.25,2022,4
2022-04-17,30.884,2022,4
2022-04-18,29.994,2022,4
2022-04-19,30.776,2022,4
2022-04-20,27.35,2022,4
2022-04-21,31.283,2022,4
2022-04-22,20.459,2022,4
2022-04-23,31.85,2022,4
2022-04-24,30.976,2022,4
2022-04-25,31.014,2022,4
2022-04-26,29.843,2022,4
2022-04-27,29.681,2022,4
2022-04-28,23.975,2022,4
2022-04-29,31.513,2022,4
2022-04-30,31.621,2022,4
2022-05-01,26.335,2022,5
2022-05-02,29.737,2022,5
2022-05-03,25.117,2022,5
2022-05-04,32.018,2022,5
2022-05-05,30.074,2022,5
2022-05-06,31.644,2022,5
2022-05-07,31.143,2022,5
2022-05-08,17.99,2022,5
2022-05-09,30.918,2022,5
2022-05-10,32.562,2022,5
2022-05-11,32.886,2022,5
2022-05-12,32.869,2022,5
2022-05-13,32.243,2022,5
2022-05-14,31.314,2022,5
2022-05-15,30.515,2022,5
2022-05-16,31.658,2022,5
2022-05-17,28.489,2022,5
2022-05-18,30.503,2022,5
2022-05-19,27.916,2022,5
2022-05-20,10.581,2022,5
2022-05-21,9.165,2022,5
2022-05-22,22.165,2022,5
2022-05-23,23.965,2022,5
2022-05-24,30.058,2022,5
2022-05-25,32.168,2022,5
2022-05-26,29.81,2022,5
2022-05-27,25.292,2022,5
2022-05-28,11.748,2022,5
2022-05-29,25.694,2022,5
2022-05-30,30.63,2022,5
2022-05-31,32.967,2022,5
2022-06-01,31.768,2022,6
2022-06-02,31.324,2022,6
2022-06-03,29.839,2022,6
2022-06-04,22.379,2022,6
2022-06-05,30.843,2022,6
2022-06-06,31.75,2022,6
2022-06-07,30.62,2022,6
2022-06-08,31.342,2022,6
2022-06-09,30.764,2022,6
2022-06-10,31.713,2022,6
2022-06-11,31.557,2022,6
2022-06-12,31.804,2022,6
2022-06-13,22.605,2022,6
2022-06-14,32.091,2022,6
2022-06-15,30.221,2022,6
2022-06-16,31.597,2022,6
2022-06-17,32.604,2022,6
2022-06-18,32.929,2022,6
2022-06-19,33.345,2022,6
2022-06-20,32.539,2022,6
2022-06-21,31.408,2022,6
2022-06-22,27.359,2022,6
2022-06-23,31.482,2022,6
2022-06-24,32.029,2022,6
2022-06-25,32.6,2022,6
2022-06-26,32.372,2022,6
2022-06-27,30.575,2022,6
2022-06-28,30.809,2022,6
2022-06-29,30.568,2022,6
2022-06-30,30.9,2022,6
2022-07-01,31.096,2022,7
2022-07-02,31.366,2022,7
2022-07-03,32.157,2022,7
2022-07-04,31.931,2022,7
2022-07-05,30.872,2022,7
2022-07-06,25.272,2022,7
2022-07-07,30.702,2022,7
2022-07-08,31.099,2022,7
2022-07-09,31.635,2022,7
2022-07-10,31.157,2022,7
2022-07-11,29.668,2022,7
2022-07-12,27.158,2022,7
2022-07-13,29.707,2022,7
2022-07-14,27.921,2022,7
2022-07-15,29.998,2022,7
2022-07-16,29.213,2022,7
2022-07-17,24.807,2022,7
2022-07-18,28.748,2022,7
2022-07-19,29.128,2022,7
2022-07-20,23.847,2022,7
2022-07-21,27.341,2022,7
2022-07-22,28.457,2022,7
2022-07-23,26.533,2022,7
2022-07-24,28.748,2022,7
2022-07-25,28.554,2022,7
2022-07-26,26.582,2022,7
2022-07-27,29.093,2022,7
2022-07-28,25.9,2022,7
2022-07-29,25.863,2022,7
2022-07-30,25.501,2022,7
2022-07-31,24.618,2022,7
2022-08-01,28.55,2022,8
2022-08-02,28.278,2022,8
2022-08-03,25.046,2022,8
2022-08-04,15.736,2022,8
2022-08-05,28.204,2022,8
2022-08-06,29.21,2022,8
2022-08-07,22.086,2022,8
2022-08-08,27.034,2022,8
2022-08-09,28.202,2022,8
2022-08-10,29.074,2022,8
2022-08-11,29.701,2022,8
2022-08-12,25.802,2022,8
2022-08-13,27.93,2022,8
2022-08-14,28.33,2022,8
2022-08-15,27.979,2022,8
2022-08-16,28.278,2022,8
2022-08-17,28.348,2022,8
2022-08-18,25.614,2022,8
2022-08-19,27.337,2022,8
2022-08-20,26.612,2022,8
2022-08-21,21.363,2022,8
2022-08-22,26.1,2022,8
2022-08-23,26.057,2022,8
2022-08-24,26.854,2022,8
2022-08-25,27.112,2022,8
2022-08-26,26.959,2022,8
2022-08-27,27.05,2022,8
2022-08-28,26.419,2022,8
2022-08-29,26.155,2022,8
2022-08-30,27.085,2022,8
2022-08-31,26.399,2022,8
2022-09-01,25.319,2022,9
2022-09-02,24.542,2022,9
2022-09-03,24.772,2022,9
2022-09-04,11.372,2022,9
2022-09-05,0.0,2022,9
2022-09-06,0.0,2022,9
2022-09-07,0.0,2022,9
2022-09-08,0.0,2022,9
2022-09-09,0.0,2022,9
2022-09-10,0.0,2022,9
2022-09-11,0.0,2022,9
2022-09-12,0.0,2022,9
2022-09-13,0.0,2022,9
2022-09-14,0.0,2022,9
2022-09-15,0.0,2022,9
2022-09-16,0.0,2022,9
2022-09-17,0.0,2022,9
2022-09-18,0.0,2022,9
2022-09-19,0.0,2022,9
2022-09-20,0.0,2022,9
2022-09-21,0.0,2022,9
2022-09-22,0.0,2022,9
2022-09-23,0.0,2022,9
2022-09-24,0.0,2022,9
2022-09-25,0.0,2022,9
2022-09-26,0.0,2022,9
2022-09-27,0.0,2022,9
2022-09-28,0.0,2022,9
2022-09-29,0.0,2022,9
2022-09-30,0.0,2022,9
2022-10-01,0.0,2022,10
2022-10-02,0.0,2022,10
2022-10-03,0.0,2022,10
2022-10-04,0.0,2022,10
2022-10-05,0.0,2022,10
2022-10-06,0.0,2022,10
2022-10-07,0.0,2022,10
2022-10-08,0.0,2022,10
2022-10-09,0.0,2022,10
2022-10-10,0.0,2022,10
2022-10-11,0.0,2022,10
2022-10-12,0.0,2022,10
2022-10-13,0.0,2022,10
2022-10-14,0.0,2022,10
2022-10-15,0.0,2022,10
2022-10-16,0.0,2022,10
2022-10-17,0.0,2022,10
2022-10-18,0.0,2022,10
2022-10-19,0.0,2022,10
2022-10-20,0.0,2022,10
2022-10-21,0.0,2022,10
2022-10-22,0.0,2022,10
2022-10-23,0.0,2022,10
2022-10-24,0.0,2022,10
2022-10-25,0.0,2022,10
2022-10-26,0.0,2022,10
2022-10-27,0.0,2022,10
2022-10-28,0.0,2022,10
2022-10-29,0.0,2022,10
2022-10-30,0.0,2022,10
2022-10-31,7.392,2022,10
2022-11-01,15.868,2022,11
2022-11-02,15.563,2022,11
2022-11-03,16.291,2022,11
2022-11-04,18.091,2022,11
2022-11-05,18.259,2022,11
2022-11-06,17.105,2022,11
2022-11-07,12.011,2022,11
2022-11-08,5.206,2022,11
2022-11-09,16.372,2022,11
2022-11-10,17.7,2022,11
2022-11-11,16.733,2022,11
2022-11-12,17.371,2022,11
2022-11-13,14.243,2022,11
2022-11-14,16.793,2022,11
2022-11-15,16.612,2022,11
2022-11-16,17.32,2022,11
2022-11-17,12.68,2022,11
2022-11-18,16.21,2022,11
2022-11-19,16.101,2022,11
2022-11-20,15.89,2022,11
2022-11-21,14.765,2022,11
2022-11-22,15.121,2022,11
2022-11-23,15.588,2022,11
2022-11-24,15.867,2022,11
2022-11-25,15.539,2022,11
2022-11-26,15.132,2022,11
2022-11-27,14.961,2022,11
2022-11-28,9.723,2022,11
2022-11-29,12.095,2022,11
2022-11-30,9.57,2022,11
2022-12-01,6.289,2022,12
2022-12-02,11.848,2022,12
2022-12-03,10.438,2022,12
2022-12-04,13.973,2022,12
2022-12-05,12.436,2022,12
2022-12-06,9.569,2022,12
2022-12-07,12.422,2022,12
2022-12-08,14.951,2022,12
2022-12-09,14.549,2022,12
2022-12-10,14.536,2022,12
2022-12-11,3.242,2022,12
2022-12-12,9.843,2022,12
2022-12-13,12.754,2022,12
2022-12-14,14.523,2022,12
2022-12-15,10.728,2022,12
2022-12-16,13.666,2022,12
2022-12-17,10.657,2022,12
2022-12-18,14.08,2022,12
2022-12-19,14.537,2022,12
2022-12-20,13.787,2022,12
2022-12-21,14.132,2022,12
2022-12-22,12.64,2022,12
2022-12-23,13.696,2022,12
2022-12-24,13.951,2022,12
2022-12-25,12.941,2022,12
2022-12-26,11.751,2022,12
2022-12-27,8.403,2022,12
2022-12-28,8.331,2022,12
2022-12-29,7.095,2022,12
2022-12-30,4.327,2022,12
2022-12-31,4.608,2022,12
2023-01-01,5.699,2023,1
2023-01-02,8.708,2023,1
2023-01-03,7.743,2023,1
2023-01-04,10.872,2023,1
2023-01-05,4.573,2023,1
2023-01-06,15.013,2023,1
2023-01-07,13.708,2023,1
2023-01-08,14.976,2023,1
2023-01-09,11.963,2023,1
2023-01-10,4.181,2023,1
2023-01-11,12.402,2023,1
2023-01-12,12.906,2023,1
2023-01-13,12.37,2023,1
2023-01-14,3.951,2023,1
2023-01-15,6.473,2023,1
2023-01-16,6.741,2023,1
2023-01-17,13.447,2023,1
2023-01-18,15.948,2023,1
2023-01-19,15.294,2023,1
2023-01-20,15.018,2023,1
2023-01-21,16.77,2023,1
2023-01-22,15.115,2023,1
2023-01-23,17.119,2023,1
2023-01-24,17.128,2023,1
2023-01-25,16.815,2023,1
2023-01-26,17.537,2023,1
2023-01-27,17.498,2023,1
2023-01-28,15.425,2023,1
2023-01-29,4.743,2023,1
2023-01-30,7.552,2023,1
2023-01-31,18.087,2023,1
2023-02-01,18.184,2023,2
2023-02-02,17.303,2023,2
2023-02-03,14.988,2023,2
2023-02-04,18.329,2023,2
2023-02-05,13.529,2023,2
2023-02-06,19.218,2023,2
2023-02-07,19.34,2023,2
2023-02-08,19.094,2023,2
2023-02-09,19.325,2023,2
2023-02-10,18.273,2023,2
2023-02-11,14.277,2023,2
2023-02-12,12.134,2023,2
2023-02-13,16.464,2023,2
2023-02-14,6.214,2023,2
2023-02-15,21.612,2023,2
2023-02-16,21.305,2023,2
2023-02-17,17.841,2023,2
2023-02-18,18.682,2023,2
2023-02-19,13.438,2023,2
2023-02-20,21.096,2023,2
2023-02-21,16.61,2023,2
2023-02-22,19.875,2023,2
2023-02-23,11.992,2023,2
2023-02-24,13.041,2023,2
2023-02-25,5.649,2023,2
2023-02-26,20.388,2023,2
2023-02-27,20.169,2023,2
2023-02-28,19.754,2023,2
2023-03-01,13.008,2023,3
2023-03-02,24.309,2023,3
2023-03-03,24.129,2023,3
2023-03-04,13.616,2023,3
2023-03-05,17.471,2023,3
2023-03-06,17.431,2023,3
2023-03-07,24.174,2023,3
2023-03-08,24.644,2023,3
2023-03-09,23.853,2023,3
2023-03-10,8.765,2023,3
2023-03-11,7.45,2023,3
2023-03-12,16.491,2023,3
2023-03-13,21.367,2023,3
2023-03-14,11.378,2023,3
2023-03-15,5.874,2023,3
2023-03-16,17.091,2023,3
2023-03-17,25.553,2023,3
2023-03-18,24.631,2023,3
2023-03-19,10.086,2023,3
2023-03-20,10.901,2023,3
2023-03-21,10.576,2023,3
2023-03-22,25.087,2023,3
2023-03-23,16.275,2023,3
2023-03-24,27.602,2023,3
2023-03-25,22.454,2023,3
2023-03-26,27.971,2023,3
2023-03-27,28.217,2023,3
2023-03-28,27.966,2023,3
2023-03-29,10.296,2023,3
2023-03-30,17.513,2023,3
2023-03-31,25.077,2023,3
2023-04-01,29.466,2023,4
2023-04-02,28.862,2023,4
2023-04-03,19.923,2023,4
2023-04-04,30.297,2023,4
2023-04-05,29.733,2023,4
2023-04-06,29.643,2023,4
2023-04-07,29.299,2023,4
2023-04-08,29.061,2023,4
2023-04-09,28.505,2023,4
2023-04-10,27.818,2023,4
2023-04-11,26.033,2023,4
2023-04-12,7.733,2023,4
2023-04-13,15.087,2023,4
2023-04-14,16.645,2023,4
2023-04-15,29.794,2023,4
2023-04-16,7.362,2023,4
2023-04-17,7.901,2023,4
2023-04-18,22.763,2023,4
2023-04-19,30.44,2023,4
2023-04-20,31.098,2023,4
2023-04-21,30.728,2023,4
2023-04-22,29.954,2023,4
2023-04-23,29.335,2023,4
2023-04-24,27.743,2023,4
2023-04-25,18.082,2023,4
2023-04-26,28.033,2023,4
2023-04-27,28.466,2023,4
2023-04-28,28.403,2023,4
2023-04-29,27.786,2023,4
2023-04-30,15.569,2023,4
2023-05-01,16.675,2023,5
2023-05-02,22.434,2023,5
2023-05-03,26.891,2023,5
2023-05-04,23.618,2023,5
2023-05-05,14.781,2023,5
2023-05-06,31.564,2023,5
2023-05-07,31.356,2023,5
2023-05-08,31.756,2023,5
2023-05-09,30.752,2023,5
2023-05-10,24.897,2023,5
2023-05-11,26.607,2023,5
2023-05-12,19.037,2023,5
2023-05-13,24.353,2023,5
2023-05-14,28.092,2023,5
2023-05-15,23.128,2023,5
2023-05-16,27.901,2023,5
2023-05-17,12.49,2023,5
2023-05-18,16.759,2023,5
2023-05-19,14.395,2023,5
2023-05-20,19.733,2023,5
2023-05-21,24.081,2023,5
2023-05-22,8.86,2023,5
2023-05-23,6.144,2023,5
2023-05-24,14.762,2023,5
2023-05-25,21.43,2023,5
2023-05-26,26.463,2023,5
2023-05-27,17.332,2023,5
2023-05-28,9.806,2023,5
2023-05-29,7.809,2023,5
2023-05-30,13.377,2023,5
2023-05-31,10.217,2023,5
2023-06-01,9.451,2023,6
2023-06-02,21.914,2023,6
2023-06-03,18.278,2023,6
2023-06-04,22.999,2023,6
2023-06-05,14.248,2023,6
2023-06-06,18.069,2023,6
2023-06-07,18.069,2023,6
2023-06-08,20.769,2023,6
2023-06-09,15.233,2023,6
2023-06-10,5.961,2023,6
2023-06-11,9.221,2023,6
2023-06-12,14.877,2023,6
2023-06-13,13.094,2023,6
2023-06-14,15.518,2023,6
2023-06-15,20.831,2023,6
2023-06-16,31.23,2023,6
2023-06-17,32.762,2023,6
2023-06-18,30.164,2023,6
2023-06-19,26.528,2023,6
2023-06-20,33.573,2023,6
2023-06-21,33.988,2023,6
2023-06-22,30.724,2023,6
2023-06-23,33.151,2023,6
2023-06-24,30.343,2023,6
2023-06-25,33.62,2023,6
2023-06-26,32.666,2023,6
2023-06-27,32.063,2023,6
2023-06-28,29.912,2023,6
2023-06-29,31.795,2023,6
2023-06-30,31.861,2023,6
